dataset,total_samples,mean_absolute_error,median_absolute_error,mean_relative_error,median_relative_error,max_error,min_error,mean_q_error,median_q_error,max_q_error,min_q_error,q_error_25th,q_error_50th,q_error_75th,q_error_90th,q_error_95th
hybench5,502,503.8294942962948,200.24222500000013,4.520847858597758,0.2622846443816812,9113.63883,0.00431949999999981,6.964513088144548,1.2713731275009015,136.57334308774864,1.0017633385908162,1.1620422135926134,1.2713731275009015,1.5495089798814838,4.290034427738318,47.45067426415955
hybench10,502,737.751131132028,3.237890965,1.730154632193463,0.2998546573637011,18387.3142,0.0010504400000000136,6.8734246172251225,1.3869768445431983,173.43641323489283,1.0007004427254835,1.1208484064295121,1.3869768445431983,1.9624337093299176,8.144540477650912,65.94990818062897
TPCH-5,490,2911.558882612326,341.49119999999994,11.24821775606211,0.1242623226862661,32247.972999999998,0.07137000000000171,12.371856406091263,1.124262322686266,2661.680056796571,1.00052937308564,1.040111163201561,1.124262322686266,1.290596011691184,1.7510448419871851,4.084996180168144
TPCH-10,490,4831.5016541840405,650.2064999999984,197.39708157700287,0.07546573424880447,66123.55600000001,0.8328199999999981,198.45090471678125,1.0812672272620079,50549.465837343014,1.0012653663864768,1.052947298113588,1.0812672272620079,1.2116105839599136,1.9967977196796132,3.1030977184478488
